{"products":[{"id":"0.49725477828952","qty":5}],"totalPrice":96.19999999999999}